1,検索
2,暇つぶし
3,食事
4,旅行
5,ドライブ
6,便利
7,ツール
8,素材
9,画像
10,資格試験
11,データベーススペシャリスト
12,問題集
13,IT
14,タイピング
15,練習
16,講座
17,オンライン
18,英語
19,勉強会
20,もくもく会
21,イベント
22,ハンズオン
23,初心者向け
24,SNS
25,コミュニティ
26,情報収集
27,動画
28,通販
29,ショッピング
30,音楽
31,百科事典
32,飲み会
33,旅
34,計算
35,かわいい
36,切ない
37,生放送
38,月額会員制
39,翻訳
40,投稿
41,アイコン
42,ラクチン
43,カフェ
44,集中したい時
45,ネットカフェ
46,はかどる
47,Qiita
48,画像加工
49,ゲーム
50,面白い
51,一覧
52,資格
53,大喜利
54,比較
55,フリーソフト
56,フリマアプリ
57,宿探し
58,宿泊
59,ラーメン
60,家計簿
61,節約
62,シンプル
63,ドメイン取得
64,ニュース
65,コカコーラ
66,レンタル
67,かっこいい
68,すごい
69,楽しい