ゲストユーザー,guest@example.com,簡単ログイン用アカウントです。よろしくお願いします。,true,2021-01-01 00:00:00
とみおか,sample@user1.com,最近のマイブームは生花です。,true,2021-01-01 07:01:00
けんきち,sample@user2.com,お好み焼きが好きです。,true,2021-01-03 12:52:20
なおひろ,sample@user3.com,趣味はネットサーフィンです。,true,2021-01-06 04:41:01
ニョチボン,sample@user4.com,PCゲームが趣味です。,true,2021-01-08 12:02:00
灰太郎,sample@user5.com,配管工をしています。,true,2021-01-10 14:45:00
沼津 花菜,sample@user6.com,アクアリウムが趣味です。いつも大事にしている言葉は『継続は力なり』です。,true,2021-01-11 00:00:00
ストラウス,sample@user7.com,よろしくお願いします。,true,2021-01-12 12:03:00
ちふみ,sample@user8.com,グアムに行きたい。,true,2021-01-15 02:10:01
りょうへい,sample@user9.com,趣味垢です。,true,2021-01-19 10:30:00
春彦,sample@user10.com,ラーメンとカレーが大好物,true,2021-02-01 14:53:00
フレデリック,sample@user11.com,一日一善,true,2021-02-05 21:18:00
Henderson,sample@user12.com,カフェでバイトしてます。,true,2021-02-09 22:34:00
シンジ,sample@user13.com,趣味は魚釣りです。,true,2021-02-12 09:40:00
久遠 中,sample@user14.com,名古屋に住んでます。,true,2021-02-13 01:24:10
じょうじ,sample@user15.com,ウィスキーが好きです。特にスコッチが好き,true,2021-02-14 01:01:00
まさみち,sample@user16.com,書道の先生をしています。好きな食べ物はフグチリ,true,2021-01-14 01:02:00
Gaston,sample@user17.com,ランニングが日課です。,true,2021-02-15 02:09:01
刀根 ゆう,sample@user18.com,ネットショッピングが好き,true,2021-02-15 03:32:04
淵之上 素直,sample@user19.com,都内在住。休日は料理したりサッカーしたりしてます。,true,2021-02-15 04:19:45
ただふみ,sample@user20.com,平和に過ごしたい,false,2021-01-15 05:32:11